-- phpMyAdmin SQL Dump
-- version 5.1.1
-- https://www.phpmyadmin.net/
--
-- Host: 127.0.0.1
-- Generation Time: Aug 30, 2023 at 06:00 PM
-- Server version: 10.4.21-MariaDB
-- PHP Version: 8.0.11

SET SQL_MODE = "NO_AUTO_VALUE_ON_ZERO";
START TRANSACTION;
SET time_zone = "+00:00";


/*!40101 SET @OLD_CHARACTER_SET_CLIENT=@@CHARACTER_SET_CLIENT */;
/*!40101 SET @OLD_CHARACTER_SET_RESULTS=@@CHARACTER_SET_RESULTS */;
/*!40101 SET @OLD_COLLATION_CONNECTION=@@COLLATION_CONNECTION */;
/*!40101 SET NAMES utf8mb4 */;

--
-- Database: `tugas_akhir`
--

-- --------------------------------------------------------

--
-- Table structure for table `tb_demo`
--

CREATE TABLE `tb_demo` (
  `id` varchar(11) NOT NULL,
  `nama` varchar(255) NOT NULL,
  `gambar` varchar(255) NOT NULL,
  `kategori` varchar(255) NOT NULL,
  `lokasi` varchar(999) NOT NULL,
  `rate` varchar(100) NOT NULL,
  `kisaran_harga` varchar(100) NOT NULL,
  `jam_buka` varchar(255) NOT NULL,
  `latitude` varchar(255) NOT NULL,
  `longitude` varchar(255) NOT NULL,
  `redirect_link` varchar(255) NOT NULL
) ENGINE=InnoDB DEFAULT CHARSET=utf8mb4;

--
-- Dumping data for table `tb_demo`
--

INSERT INTO `tb_demo` (`id`, `nama`, `gambar`, `kategori`, `lokasi`, `rate`, `kisaran_harga`, `jam_buka`, `latitude`, `longitude`, `redirect_link`) VALUES
('LK00001', 'Telkom Medika', '-', 'layanan kesehatan', 'Jalan Ketintang No.152A, Ketintang, Gayungan, Wonokromo, Kec. Wonokromo, Surabaya, Jawa Timur 60231', '5', '-', '10.00-10.00', '-7.309132300575859', '112.72787421534143', ''),
('LK00002', 'Universitas Adibuana', '-', 'edukasi', 'Jl. Dukuh Menanggal XII, Dukuh Menanggal, Kec. Gayungan, Surabaya, Jawa Timur 60234', '5', '-', '10.00-10.00', '-7.343974259156917', '112.72338660738993', ''),
('LK00003', 'Uneversitas Negeri Surabaya', '-', 'edukasi', 'Jl. Ketintang, Ketintang, Kec. Gayungan, Surabaya, Jawa Timur 60231', '5', '-', '10.00-10.00', '-7.315032479421803', '112.7271996505242', ''),
('LK00004', 'Beli Kopi', '-', 'cafe dan eatery', 'Jl. Ketintang 1 No.42, RT.006/RW.01, Ketintang, Kec. Gayungan, Surabaya, Jawa Timur 60231', '5', '-', '10.00-10.00', '-7.308343225936571', '112.72621545052404', ''),
('LK00005', 'Royal Plaza', '-', 'tempat umum', 'Jl. Ketintang 1 No.42, RT.006/RW.01, Ketintang, Kec. Gayungan, Surabaya, Jawa Timur 60231', '5', '-', '10.00-10.00', '-7.308553043143658', '112.73494734900387', '');

-- --------------------------------------------------------

--
-- Table structure for table `tb_konten`
--

CREATE TABLE `tb_konten` (
  `id_konten` varchar(255) NOT NULL,
  `id` varchar(255) NOT NULL,
  `deskripsi` longtext NOT NULL,
  `gambar_1` varchar(255) NOT NULL,
  `gambar_2` varchar(255) NOT NULL,
  `gambar_3` varchar(255) NOT NULL,
  `gambar_4` varchar(255) NOT NULL
) ENGINE=InnoDB DEFAULT CHARSET=utf8mb4;

--
-- Dumping data for table `tb_konten`
--

INSERT INTO `tb_konten` (`id_konten`, `id`, `deskripsi`, `gambar_1`, `gambar_2`, `gambar_3`, `gambar_4`) VALUES
('KT00001', 'LK00001', 'Bee Jay Bakau Resort adalah sebuah tempat liburan idyllic yang terletak di tepi pantai yang indah. Resort ini menyuguhkan pesona alam tropis dengan hutan bakau yang hijau dan hamparan pasir putih yang luas. Fasilitas mewah dan ramah lingkungan yang modern menawarkan pengalaman liburan yang tak terlupakan. Nikmati keindahan matahari terbenam yang spektakuler, jelajahi kehidupan laut dengan snorkeling, atau nikmati pijatan santai di spa eksklusif. Bee Jay Bakau Resort adalah tempat yang sempurna untuk bersantai sambil menikmati keajaiban alam yang luar biasa. Datanglah dan temukan kedamaian sejati dalam pesona alam yang memesona ini.', 'lk1_1.jpg', 'lk1_2.jpg', 'lk1_3.jpg', 'lk1_4.jpg'),
('KT00002', 'LK00002', 'Mahoni Grand Park Probolinggo adalah kompleks rekreasi yang memukau, terletak di kota Probolinggo, Jawa Timur. Dikelilingi oleh pemandangan alam yang menakjubkan, taman ini menawarkan pengalaman yang menarik bagi para pengunjung dari segala usia. Anda akan disambut dengan pepohonan Mahoni yang indah dan berjajar rapi di sepanjang jalur-jalur hijau yang menenangkan.', 'lk2_1.jpg', 'lk2_2.jpg', 'lk2_3.jpg', 'lk2_4.jpg'),
('KT00003', 'LK00003', 'Pulau Gili Ketapang Probolinggo adalah surga tersembunyi yang memukau di lepas pantai Probolinggo, Jawa Timur. Dengan hamparan pasir putih yang menggoda dan air laut yang jernih, pulau ini menawarkan pesona eksotis yang tak tertandingi. Jauh dari keramaian, Gili Ketapang menyuguhkan ketenangan yang sempurna bagi para wisatawan yang mencari kedamaian. Pengunjung dapat merasakan sensasi berenang di bawah sinar matahari yang hangat, menyelam untuk mengeksplorasi kehidupan laut yang memukau, atau hanya bersantai di tepi pantai sambil menikmati keindahan pemandangan laut yang menakjubkan. Pulau Gili Ketapang Probolinggo adalah destinasi yang cocok untuk melupakan kesibukan kota dan terhubung dengan alam yang menakjubkan.', 'lk3_1.jpeg', 'lk3_2.jpg', 'lk3_3.jpg', 'lk3_4.jpg'),
('KT00004', 'LK00004', 'Danau Ronggojalu Probolinggo adalah sebuah permata alami yang mempesona di kawasan Jawa Timur, Indonesia. Dikelilingi oleh pepohonan hijau yang lebat, danau ini menawarkan keindahan alam yang menakjubkan dan suasana yang tenang. Airnya yang jernih mencerminkan langit biru dan pemandangan pegunungan di sekitarnya, menciptakan panorama yang memesona.', 'lk4_1.jpg', 'lk4_2.jpg', 'lk4_3.jpg', 'lk4_4.jpg'),
('KT00005', 'LK00005', 'Danau Ranu Agung Probolinggo adalah permata tersembunyi di ketinggian yang menawan di kawasan Jawa Timur, Indonesia. Terletak di tengah-tengah pegunungan yang elok, danau ini menawarkan pesona alam yang magis dan ketenangan yang luar biasa. Airnya yang bening dan jernih memantulkan puncak gunung dan langit biru, menciptakan pemandangan yang memukau. Pengunjung dapat menikmati trekking menantang melintasi hutan pegunungan untuk mencapai danau ini, di mana pesona alam yang menakjubkan akan membalas setiap perjuangan. Di tepi danau, pengunjung dapat merasakan ketenangan, bermeditasi, atau sekadar menikmati momen indah bersama keluarga dan teman. Danau Ranu Agung Probolinggo adalah surga bagi para pencinta alam yang ingin merasakan kedamaian dan keindahan tak tergoyahkan.', 'lk5_1.jpg', 'lk5_2.jpg', 'lk5_3.jpg', 'lk5_4.jpg'),
('KT00006', 'LK00006', 'Museum Probolinggo adalah destinasi budaya yang mengagumkan di kota Probolinggo, Jawa Timur, Indonesia. Tempat ini menjadi jendela ke masa lalu dengan koleksi yang mengesankan, memamerkan kekayaan sejarah dan budaya daerah. Pengunjung dapat menjelajahi berbagai artefak, lukisan, dan benda-benda bersejarah yang mencakup periode zaman prasejarah hingga masa kolonial. Museum ini memberikan wawasan mendalam tentang perkembangan kota dan kehidupan masyarakatnya. Pameran interaktif dan ceramah mendalam menghidupkan sejarah, memungkinkan pengunjung untuk menghargai dan memahami akar budaya dan identitas Probolinggo. Museum Probolinggo adalah tempat yang ideal bagi pecinta sejarah dan penggemar budaya untuk menikmati warisan yang berharga dari masa lalu.', 'lk6_1.jpg', 'lk6_2.jpg', 'lk6_3.jpg', 'lk6_4.jpg'),
('KT00007', 'LK00007', 'Pantai Duta adalah surga pantai yang menakjubkan di Probolinggo, Jawa Timur, Indonesia. Dengan pasir putih yang lembut dan air laut yang jernih, pantai ini menawarkan keindahan alam yang menakjubkan. Terletak di tepi Samudera Hindia, pengunjung disuguhkan pemandangan spektakuler matahari terbenam yang memukau. Pantai ini menawarkan berbagai kegiatan, seperti berenang, berjemur di bawah sinar matahari, atau bersantai sambil menikmati pemandangan laut yang menenangkan. Bagi para pecinta fotografi, Pantai Duta adalah surga untuk mengabadikan momen indah. Dengan suasana yang damai dan alami, Pantai Duta menjadi destinasi ideal untuk melarikan diri dari kepenatan dan menikmati keajaiban alam yang mempesona.', 'lk7_1.jpg', 'lk7_2.jpg', 'lk7_3.jpg', 'lk7_4.jpg'),
('KT00008', 'LK00008', 'Taman Wisata Studi Lingkungan Probolinggo (TWSL Probolinggo) adalah destinasi edukatif yang menarik di Jawa Timur, Indonesia. Taman ini bertujuan untuk meningkatkan kesadaran lingkungan dan pendidikan sains melalui pengalaman interaktif dan menyenangkan. Pengunjung dapat mengeksplorasi berbagai ekosistem dan belajar tentang flora dan fauna yang hidup di lingkungan tersebut. TWSL Probolinggo menawarkan beragam fasilitas seperti trekking alam, area piknik, dan kebun raya mini. Ada pula area edukasi yang menampilkan pameran interaktif dan workshop tentang keberlanjutan lingkungan. Ini adalah tempat yang ideal bagi keluarga dan pelajar untuk memahami pentingnya pelestarian lingkungan dan keanekaragaman hayati dengan cara yang menarik dan menyenangkan.', 'lk8_1.jpg', 'lk8_2.jpg', 'lk8_3.jpg', 'lk8_4.jpg'),
('KT00009', 'LK00009', 'Perpustakaan Kota Probolinggo adalah tempat yang mengundang dan nyaman untuk membaca dan belajar. Ruang baca yang disediakan memberikan kenyamanan bagi para pengunjung, dilengkapi dengan fasilitas loker yang rapi untuk menyimpan barang bawaan. Pelayanan yang ramah dan cepat dari staf perpustakaan membuat pengalaman kunjungan semakin menyenangkan. Koleksi buku yang beragam dan melimpah memenuhi berbagai minat dan kebutuhan bacaan para pengunjung. Perpustakaan ini bahkan menyediakan beberapa komputer untuk dipinjam dan ruang baca khusus anak, menciptakan lingkungan yang kondusif bagi pembelajaran dan pengetahuan. Perpustakaan Kota Probolinggo adalah tempat yang ideal untuk mengeksplorasi dunia literasi dan memperkaya pengetahuan.', 'lk9_1.jpg', 'lk9_2.jpg', 'lk9_3.jpg', 'lk9_4.jpg'),
('KT00010', 'LK00010', 'Air Terjun Jaran Goyang adalah keajaiban alam yang menakjubkan di Kabupaten Probolinggo, Jawa Timur. Tersembunyi di dalam hutan hijau yang rimbun, air terjun ini menawarkan pemandangan yang menakjubkan dan sensasi yang menegangkan. Airnya yang deras jatuh dari ketinggian, menciptakan gemuruh alami yang menenangkan dan menakjubkan. Untuk mencapai air terjun ini, pengunjung harus melewati trekking menantang melalui jalan setapak yang indah. Namun, perjuangan ini sepadan dengan pemandangan air terjun yang menawan. Di sekitar air terjun, pengunjung dapat bersantai, berfoto, atau sekadar menikmati keindahan alam yang menakjubkan. Air Terjun Jaran Goyang adalah destinasi impian bagi para pecinta petualangan dan alam.', 'lk10_1.jpg', 'lk10_2.jpg', 'lk10_3.jpg', 'lk10_4.jpg'),
('KT00011', 'LK00011', 'Agropolitan Probolinggo adalah sebuah konsep pembangunan pertanian yang berfokus pada pengembangan wilayah agraris di kota Probolinggo, Jawa Timur, Indonesia. Konsep ini bertujuan untuk meningkatkan kesejahteraan petani dan masyarakat pedesaan, dengan mengintegrasikan berbagai sektor pertanian, agribisnis, dan agrowisata. Agropolitan Probolinggo menawarkan berbagai fasilitas dan program yang mendukung modernisasi pertanian, termasuk teknologi pertanian yang canggih, pendidikan pertanian, pelatihan kewirausahaan, dan pemasaran produk-produk pertanian. Di samping itu, agropolitan juga menyediakan area agrowisata, yang memungkinkan wisatawan untuk menikmati keindahan pertanian dan kehidupan desa serta berpartisipasi dalam aktivitas pertanian.', 'lk11_1.jpg', 'lk11_2.jpg', 'lk11_3.jpg', 'lk11_4.jpg'),
('KT00012', 'LK00012', 'Air Terjun Madakaripura adalah keajaiban alam yang memukau di Probolinggo, Jawa Timur, Indonesia. Tersembunyi di dalam lembah curam di kaki Gunung Bromo, air terjun ini menawarkan pemandangan yang spektakuler. Dengan ketinggian sekitar 200 meter, air terjun ini adalah yang tertinggi di Jawa Timur. Untuk mencapai air terjun Madakaripura, pengunjung harus melewati trekking menantang melalui sungai dan tebing. Namun, perjuangan ini sebanding dengan keindahan air terjun yang mempesona. Airnya yang deras dan jernih jatuh dari ketinggian, menciptakan suasana yang magis dan menenangkan. Tempat ini juga memiliki nilai sejarah, dianggap sebagai tempat persembunyian Patih Gajah Mada pada masa lalu. Air Terjun Madakaripura adalah destinasi sempurna bagi pecinta petualangan dan keindahan alam.', 'lk12_1.jpg', 'lk12_2.jpg', 'lk12_3.jpg', 'lk12_4.jpg'),
('KT00014', 'LK00014', 'Tirto Ageng Probolinggo adalah sebuah sungai yang memukau di kawasan Probolinggo, Jawa Timur, Indonesia. Dengan aliran air yang jernih dan hamparan pepohonan hijau yang lebat, sungai ini menawarkan keindahan alam yang menenangkan. Di sepanjang Tirto Ageng, Anda dapat menikmati pemandangan alam yang indah, serta merasakan kesejukan angin yang menyegarkan. Sungai ini juga menjadi destinasi populer bagi para pecinta alam dan penggemar fotografi. Pengunjung sering melakukan trekking atau berjalan kaki di sepanjang sungai untuk mengeksplorasi keajaiban alamnya. Tirto Ageng Probolinggo adalah tempat yang sempurna untuk beristirahat, melepaskan penat, dan menyatu dengan pesona alam yang memesona.', 'lk14_1.jpg', 'lk14_2.jpg', 'lk14_3.jpg', 'lk14_4.jpg'),
('KT00015', 'LK00015', 'Pantai Tambak Sari adalah surga pantai yang menawan di Probolinggo, Jawa Timur, Indonesia. Terletak di tepi Samudera Hindia, pantai ini menawarkan keindahan alam yang memukau dengan pasir putih yang lembut dan air laut yang jernih. Suasana tenang dan sejuknya angin laut menciptakan tempat yang sempurna untuk bersantai dan menikmati momen indah. Pengunjung dapat berenang, berjemur di bawah sinar matahari, atau berjalan-jalan di sepanjang pantai yang indah. Pantai Tambak Sari juga menawarkan pemandangan matahari terbenam yang spektakuler, menciptakan momen romantis yang tak terlupakan. Tempat ini cocok untuk liburan keluarga, rekreasi, atau sekadar melarikan diri dari rutinitas sehari-hari dan menikmati pesona alam yang luar biasa.', 'lk15_1.jpg', 'lk15_2.jpg', 'lk15_3.jpg', 'lk15_4.jpg'),
('KT00016', 'LK00016', 'Wisata Bukit Bentar Probolinggo adalah tempat wisata yang ramai dengan wisatawan pada hari biasa maupun hari liburan. Tempat ini sangat indah dan bisa memberikan sensasi yang berbeda dengan aktivitas kita sehari hari. Wisata Bukit Bentar Probolinggo memiliki pesona keindahan yang sangat menarik untuk dikunjungi. Sangat di sayangkan jika anda berada di kota Probolinggo tidak mengunjungi wisata Bukit Bentar Probolinggo yang mempunyai keindahan yang tiada duanya tersebut.', 'lk16_1.jpg', 'lk16_2.jpg', 'lk16_3.jpg', 'lk16_4.jpg'),
('KT00018', 'LK00018', 'Ranu Segaran Probolinggo adalah sebuah danau indah yang terletak di Jawa Timur, Indonesia. Dikelilingi oleh gunung-gunung yang megah, danau ini menawarkan pemandangan alam yang menakjubkan dan ketenangan yang luar biasa. Airnya yang jernih mencerminkan keindahan langit dan pepohonan di sekitarnya, menciptakan suasana yang damai dan menenangkan.Ranu Segaran merupakan destinasi populer bagi para pecinta alam dan pecinta fotografi. Pengunjung sering melakukan trekking atau hiking di sekitar danau untuk mengeksplorasi keindahan alamnya. Danau ini juga menjadi tempat yang ideal untuk berkemah atau berpiknik bersama keluarga dan teman.', 'lk18_1.jpg', 'lk18_2.jpg', 'lk18_3.jpg', 'lk18_4.jpg'),
('KT00019', 'LK00019', 'D&C Cafe 19 Probolinggo adalah tempat yang menyenangkan untuk bersantai dan menikmati kuliner di kota Probolinggo, Jawa Timur, Indonesia. Kafe ini menawarkan suasana yang nyaman dan hangat dengan dekorasi modern yang menarik. Pengunjung dapat menikmati berbagai hidangan lezat, mulai dari kopi spesial hingga makanan ringan yang menggugah selera. Menu kafe ini menawarkan variasi makanan dan minuman yang menggoda, dengan cita rasa yang lezat dan presentasi yang cantik. D&C Cafe 19 juga menjadi tempat yang cocok untuk berkumpul bersama teman atau keluarga, serta tempat yang ideal untuk bekerja atau bersantai sambil menikmati suasana yang menyenangkan.', 'lk19_1.jpg', 'lk19_2.jpg', 'lk19_3.jpg', 'lk19_4.jpg'),
('KT00020', 'LK00020', 'Jaco Cafe Probolinggo adalah kafe yang menawan di Jawa Timur, Indonesia. Kafe ini menampilkan suasana yang santai dan nyaman dengan dekorasi yang bergaya. Dengan suasana yang hangat dan ramah, Jaco Cafe adalah tempat yang sempurna untuk bersantai atau bertemu dengan teman-teman. Menu kafe ini menghadirkan beragam hidangan lezat, termasuk kopi premium dengan berbagai pilihan rasa, makanan penutup menggoda, dan makanan ringan yang menggugah selera. Pengunjung dapat menikmati hidangan mereka sambil menikmati musik yang menyenangkan atau hanya menikmati suasana kafe yang menyegarkan.', 'lk20_1.jpg', 'lk20_2.jpg', 'lk20_3.jpg', 'lk20_4.jpg'),
('KT00021', 'LK00021', 'Z Cafe Probolinggo adalah kafe yang unik dan kreatif di kota Probolinggo, Jawa Timur, Indonesia. Kafe ini menawarkan suasana yang modern dan futuristik dengan dekorasi yang inovatif. Desain interior yang menarik menciptakan suasana yang penuh gaya dan energik. Z Cafe Probolinggo adalah tempat yang ideal bagi pecinta kuliner dan para pencari pengalaman baru. Dengan kombinasi antara suasana yang menarik dan menu yang kreatif, kafe ini menawarkan pengalaman kuliner yang menyenangkan dan menghibur.', 'lk21_1.jpg', 'lk21_2.jpg', 'lk21_3.jpg', 'lk21_4.jpg'),
('KT00023', 'LK00023', 'Menu kafe ini menampilkan beragam hidangan lezat, mulai dari hidangan khas Indonesia hingga makanan barat yang lezat. Mereka juga terkenal dengan j\'bing, makanan khasnya yang lezat dan menggugah selera. J\'bing Cafe & Resto juga menawarkan berbagai pilihan minuman segar dan kopi pilihan yang lezat. Kafe ini menjadi tempat yang cocok untuk berkumpul bersama keluarga, teman, atau bahkan untuk rapat bisnis. Dengan kombinasi antara suasana yang nyaman, hidangan lezat, dan pelayanan yang ramah, J\'bing Cafe & Resto Probolinggo akan membuat setiap kunjungan menjadi momen yang berkesan.', 'lk23_1.jpg', 'lk23_2.jpg', 'lk23_3.jpg', 'lk23_4.jpg'),
('KT00024', 'LK00024', 'Cafe D\'Bell Pepper menghidangkan hidangan western lezat seperti pizza dan pasta. Kafe ini menawarkan suasana yang cozy dengan dekorasi yang menarik, menciptakan suasana yang santai dan nyaman. Menu kafe ini menyajikan berbagai pilihan pizza dengan adonan yang renyah dan topping yang beragam, serta pasta dengan saus lezat yang menggugah selera. Hidangan western yang autentik ini membuat pengalaman makan di Cafe D\'Bell Pepper menjadi istimewa.', 'lk24_1.jpg', 'lk24_2.jpg', 'lk24_3.jpg', 'lk24_4.jpg'),
('KT00027', 'LK00027', 'AAA Cafe and Carwash adalah tempat yang menarik dengan konsep unik. Kafe ini menggabungkan dua hal yang berbeda namun menarik, yaitu kafe dengan fasilitas cuci mobil (carwash). Konsep ini menciptakan pengalaman yang berbeda dan menarik bagi pengunjung. Di AAA Cafe and Carwash, pengunjung dapat menikmati makanan lezat di dalam kafe yang nyaman sambil menunggu mobil mereka dicuci dengan cermat dan profesional. Suasana kafe yang ramah dan dekorasi otomotif yang menarik menciptakan atmosfer yang menyenangkan.\r\n\r\n', 'lk27_1.jpg', 'lk27_2.jpg', 'lk27_3.jpg', 'lk27_4.jpg'),
('KT00028', 'LK00028', 'Kafe Ladang Kopi adalah surganya pecinta kopi di Probolinggo. Dengan suasana yang hangat dan welcoming, kafe ini menawarkan pengalaman yang tak terlupakan bagi para penikmat kopi. Kopi yang disajikan di sini begitu lezat dan menggugah selera, dibuat dengan perhatian dan keahlian oleh barista yang profesional. Koleksi biji kopi berkualitas yang bervariasi membuat pengalaman menikmati kopi di Ladang Kopi menjadi istimewa. ', 'lk28_1.jpg', 'lk28_2.jpg', 'lk28_3.jpg', 'lk28_4.jpg'),
('KT00029', 'LK00029', 'BARREL Coffee Garage adalah kafe yang menawan. Kafe ini menawarkan suasana cozy dengan dekorasi yang estetik, menciptakan lingkungan yang menyenangkan dan ramah. Ruangnya yang luas memberikan kenyamanan dan kebebasan bagi para pengunjung. Kafe ini sangat cocok untuk remaja dan para pecinta musik, karena menyajikan acara live music yang menghibur. Pengunjung dapat menikmati kopi lezat sambil menikmati pertunjukan musik yang menarik. Kafe ini menjadi tempat yang ideal untuk berkumpul dengan teman-teman dan menikmati suasana yang hangat dan penuh semangat. BARREL Coffee Garage adalah destinasi kafe yang menarik dan bersemangat bagi semua kalangan, menghadirkan pengalaman kopi dan hiburan yang tak terlupakan.', 'lk29_1.jpg', 'lk29_2.jpg', 'lk29_3.jpg', 'lk29_4.jpg'),
('KT00030', 'LK00030', 'Pelabuhan Tanjung Tembaga merupakan pelabuhan tua yang menyimpan sejarah panjang penjajahan di Indonesia. Di era penjajahan Belanda, pelabuhan ini digunakan sebagai pelabuhan pantai yang melayani kegiatan pelayaran antarpulau dan gerbang ekspor hasil perkebunan ke negara-negara Eropa. Pelabuhan ini berperan sebagai gerbang penting untuk perdagangan dan transportasi laut di kawasan tersebut. Tanjung Tembaga menyediakan layanan pelayaran yang handal dan efisien untuk muatan kargo dan penumpang salah satunya bagi mereka yang akan berwisata ke Pulau Gili Ketapang. Pelabuhan ini juga menjadi destinasi bagi nelayan lokal yang mencari pelabuhan yang aman untuk berlabuh.', 'lk30_1.jpg', 'lk30_2.jpg', 'lk30_3.jpg', 'lk30_4.jpg'),
('KT00034', 'LK00034', 'Sungai Pekalen terkenal dengan arus air yang menantang, menciptakan pengalaman rafting yang mendebarkan. Wisata arung jeram ini menawarkan pemandangan alam yang menakjubkan, diapit oleh tebing-tebing curam yang hijau dan air yang berkilauan. Pengunjung akan merasakan sensasi menantang saat mengarungi jeram-jeram yang memacu adrenalin, dipandu oleh pemandu yang berpengalaman dan handal. Ini adalah pengalaman luar biasa bagi para pecinta petualangan dan para penggemar olahraga air. Arung Jeram Sungai Pekalen adalah destinasi yang sempurna untuk menikmati alam yang indah dan melampiaskan semangat petualangan dalam setiap tetesnya. Biaya yang ditawarkan untuk wisata ini berikisar antar Rp 299.000 hingga Rp 450.000, bergantung pada paket yang dipilih. ', 'lk34_1.jpg', 'lk34_2.jpg', 'lk34_3.jpg', 'lk34_4.jpg'),
('KT00035', 'LK00035', 'Kawasan wisata kebun teh ini berada di di lereng Gunung Gambir, tepatnya Dusun Lawang Kedaton, Desa Andung Biru, Kecamatan Tiris, Kabupaten Probolinggo. tapi ini menjadi tantangan tersendiri bagi wisatawan yang menyukai wisata alam. Dan setiap pekan atau hari libur dipastikan pengunjung selalu ada. Tiba di lokasi, pengunjung akan langsung disambut dengan hamparan daun teh yang hijau sejauh mata memandang. Suasana pedesaan dan segarnya udara tak jarang membuat pengunjung semakin betah. Wisatawan yang datang menyebut kawasan wisata ini serupa dengan di Puncak, Jawa Barat. Ini karena suasananya yang dikelilingi perbukitan dan pengunjung tentunya bisa memetik langsung daun-dauh teh sambil menikmati aroma khasnya. Menariknya lagi, wisata ini dibuka gratis untuk umum atau tidak dipungut biaya.\r\n', 'lk35_1.jpg', 'lk35_2.jpg', 'lk35_3.jpg', 'lk35_4.jpg'),
('KT00036', 'LK00036', 'Pantai Bentar adalah surga pantai yang menarik di Probolinggo. Di sini, para pengunjung dapat menemukan berbagai spot foto yang menarik, mulai dari pemandangan laut yang indah hingga hamparan pasir yang eksotis. Pantai Bentar juga menjadi tempat yang populer untuk menyaksikan matahari terbenam yang spektakuler. Pengunjung dapat menyaksikan langit berubah warna saat matahari tenggelam di laut, menciptakan pemandangan yang memukau. Selain itu, pantai ini menawarkan berbagai wahana air yang menyenangkan, serta area yang nyaman untuk bersantai dan menikmati keindahan pantai. Pantai Bentar adalah destinasi yang cocok bagi semua kalangan, dari pecinta foto hingga para pecinta matahari terbenam, dan mereka yang mencari kesenangan dan relaksasi di tepi pantai yang indah.', 'lk36_1.jpg', 'lk36_2.jpg', 'lk36_3.jpg', 'lk36_4.jpg'),
('KT00040', 'LK00040', 'Quatro Coffee and Eatery adalah sebuah kafe yang menghadirkan pesona unik dengan ukuran tempat yang tidak luas. Meskipun begitu, suasana di dalamnya sangat nyaman dengan ruangan berwarna hangat. Pengunjung akan merasakan kenyamanan yang membuat mereka betah berlama-lama. Kafe ini terkenal dengan kopi yang enak, aroma khasnya menenangkan hati. Harganya pun relatif terjangkau, sehingga cocok bagi berbagai kalangan. Selain kopi, Quatro juga menyediakan beberapa pilihan makanan berat yang lezat. Pengunjung bisa menikmati santapan lengkap sambil menikmati kopi favorit mereka. Tidak ketinggalan, wifi di kafe ini sangat kencang, menjadi tempat ideal untuk bekerja atau bersantai sambil berselancar di dunia maya.', 'lk40_1.jpg', 'lk40_2.jpg', 'lk40_3.jpg', 'lk40_4.jpg'),
('KT00041', 'LK00041', 'Kopisiippp Bromoview adalah kafe yang menawan dengan ruangannya yang luas, menawarkan tempat parkir yang nyaman bagi pengunjung. Suasana di dalamnya penuh keceriaan, terutama berkat hiburan live music yang menghadirkan kesenangan bagi para pengunjung, terutama anak muda yang ingin berbincang dan bersenang-senang. Kafe ini merupakan tempat yang cocok untuk bersantai dan menikmati waktu bersama teman-teman. Selain menyajikan kopi yang menggugah selera, Kopisiippp Bromoview juga menawarkan pilihan toast yang lezat untuk mengisi perut. Harga kopi dan makanan beragam, dengan kisaran harga mulai dari 10000 hingga 26000 rupiah, menjadikannya pilihan yang terjangkau bagi para pelanggan.', 'lk41_1.jpg', 'lk41_2.jpg', 'lk41_3.jpg', 'lk41_4.jpg'),
('KT00043', 'LK00043', 'Elmat Coffee adalah surga bagi para pecinta kopi dan musik di akhir pekan. Tempatnya yang luas dan terbuka di area outdoor memberikan pengalaman unik, menggabungkan kenyamanan bersantai dengan suasana alam yang menenangkan. Tiap akhir pekan, kafe ini menjadi tempat yang selalu ramai dikunjungi oleh penggemar kopi dan para penikmat musik live. Suasana bersemangat dan hangat tercipta dengan performa musisi yang menghibur pengunjung. Kopi yang disajikan dengan penuh dedikasi memberikan kenikmatan bagi selera penikmatnya. Dengan gabungan atmosfer yang menyenangkan, musik yang menggoda, dan kopi yang lezat, Elmat Coffee menjadi destinasi yang tak terlupakan untuk mengisi akhir pekan yang menyenangkan.', 'lk43_1.jpg', 'lk43_2.jpg', 'lk43_3.jpg', 'lk43_4.jpg'),
('KT00044', 'LK00044', 'RAYN Steak & Coffee adalah tempat yang menyenangkan untuk nongkrong, menawarkan berbagai pilihan minuman mulai dari kopi hingga non kopi dengan harga terjangkau, dimulai dari 10000 rupiah. Selain itu, kafe ini juga menjadi surga bagi para pecinta steak dengan pilihan yang beragam, mulai dari 26000 hingga 70000 rupiah, termasuk pilihan sirloin yang lezat. Selain steak, tersedia juga makanan ringan dan menu makan lain, termasuk indomie yang menjadi favorit banyak orang. RAYN Steak & Coffee adalah tempat yang cocok untuk menghabiskan waktu berkualitas dengan teman-teman sambil menikmati hidangan lezat dan minuman yang menggugah selera.', 'lk44_1.jpg', 'lk44_2.jpg', 'lk44_3.jpg', 'lk44_4.jpg'),
('KT00045', 'LK00045', 'Sure Coffee adalah tempat yang sempurna bagi para pecinta kopi dengan anggaran terbatas. Kafe ini menawarkan beragam menu kopi yang murah namun berkualitas, menjadikannya tempat yang ramah kantong untuk menikmati kopi favorit. Dari kopi klasik hingga kreasi unik, pilihan kopi yang menggugah selera tersedia di sini. Selain itu, Sure Coffee juga terkenal dengan pelayanannya yang cepat dan efisien, memberikan pengalaman yang menyenangkan dan tanpa hambatan bagi pengunjung. Tempatnya yang nyaman dan atmosfer yang hangat menjadikan Sure Coffee sebagai destinasi favorit untuk bersantai sambil menikmati secangkir kopi yang lezat.', 'lk45_1.jpg', 'lk45_2.jpg', 'lk45_3.jpg', 'lk45_4.jpg'),
('KT00046', 'LK00046', 'Yokae Grill and Corner adalah surga bagi para pecinta makanan dengan anggaran terbatas. Dengan konsep \"all you can eat\" yang ramah kantong, kafe ini menawarkan pengalaman bersantap yang menggugah selera tanpa merogoh kocek terlalu dalam. Dengan harga mulai dari 75000 rupiah, pengunjung dapat menikmati beragam pilihan makanan yang menggoda. Dari hidangan grill yang lezat hingga pilihan makanan lainnya, Yokae Grill and Corner menyajikan berbagai rasa dan cita rasa yang memuaskan. Suasana kafe yang hangat dan nyaman menambah kesenangan dalam menikmati makanan dengan selera tanpa batas. Tempat ini menjadi destinasi favorit untuk bersantap puas dengan budget yang terjangkau.', 'lk46_1.jpg', 'lk46_2.jpg', 'lk46_3.jpg', 'lk46_4.jpg'),
('KT00047', 'LK00047', 'Today Chicken di Jalan Cokroaminoto adalah tempat makan yang wajib dicoba bagi pecinta ayam dan burger. Kafe ini dikenal karena menyajikan hidangan unik berupa \"steak burger ayam goreng krispi\" yang lezat dan menggugah selera. Harganya terjangkau, dengan pilihan mulai dari 18000 rupiah, sehingga cocok bagi berbagai kalangan. Burger ayam krispi yang disajikan di sini memberikan sensasi rasa yang tak terlupakan. Today Chicken menawarkan suasana yang santai dan nyaman, membuat pengalaman bersantap semakin menyenangkan. Lokasinya yang strategis di Jalan Cokroaminoto membuatnya mudah diakses. Tempat ini menjadi destinasi favorit untuk menyantap hidangan ayam krispi yang tak tertandingi.', 'lk47_1.jpg', 'lk47_2.jpg', 'lk47_3.jpg', 'lk47_4.jpg'),
('KT00048', 'LK00048', 'Belikopi adalah kafe kopi yang menggabungkan harga terjangkau dengan kualitas yang tak kalah dari kafe-kafe lainnya. Meskipun tidak terlalu luas, kafe ini memiliki dua lantai yang menawarkan suasana yang nyaman dan cocok untuk nugas atau belajar. Pilihan toast manis atau asin yang lezat membuat pengalaman bersantap semakin lengkap. Belikopi menjadi tempat yang ideal untuk menikmati kopi favorit sambil bekerja atau bersantai dengan teman-teman. Interior yang menarik dan desain yang mengundang kenyamanan menciptakan atmosfer yang menyenangkan. Bagi para pencinta kopi yang mencari tempat yang ramah kantong tanpa mengorbankan kualitas, Belikopi adalah destinasi yang tak boleh dilewatkan.', 'lk48_1.jpg', 'lk48_2.jpg', '', ''),
('KT00049', 'LK00049', 'The Jack Kopi adalah tempat yang unik karena berhasil memadukan dua hal yang berbeda menjadi satu, yaitu studio musik dan coffeeshop. Kafe ini menawarkan pengalaman tak terlupakan bagi para pengunjung yang menyukai kopi dan musik. Suasana kafe yang hangat dan nyaman memungkinkan para pengunjung menikmati kopi favorit mereka sambil menikmati alunan musik yang menghibur. Di sisi lain, para musisi juga dapat merekam dan menciptakan musik di studio musik yang tersedia di kafe ini. The Jack Kopi menjadi tempat yang cocok bagi pecinta kopi dan musik untuk bersantai, menikmati karya seni, dan berbagi kesenangan dalam suasana yang unik dan menyenangkan.', 'lk49_1.jpg', 'lk49_2.jpg', 'lk49_3.jpg', 'lk49_4.jpg'),
('KT00050', 'LK00050', 'Kopisiippp Diponegoro adalah kafe yang menawan dengan ruangannya yang luas, menawarkan tempat parkir yang nyaman bagi pengunjung, serta menyediakan fasilitas outdoor. Suasana di dalamnya penuh keceriaan, terutama berkat hiburan live music yang menghadirkan kesenangan bagi para pengunjung, terutama anak muda yang ingin berbincang dan bersenang-senang. Kafe ini merupakan tempat yang cocok untuk bersantai dan menikmati waktu bersama teman-teman. Selain menyajikan kopi yang menggugah selera, Kopisiippp Bromoview juga menawarkan pilihan toast yang lezat untuk mengisi perut. Harga kopi dan makanan beragam, dengan kisaran harga mulai dari 10000 hingga 26000 rupiah, menjadikannya pilihan yang terjangkau bagi para pelanggan.', 'lk50_1.jpg', 'lk50_2.jpg', 'lk50_3.jpg', 'lk50_4.jpg'),
('KT00051', 'LK00051', 'Albi Cafe & Bistro adalah destinasi yang nyaman dan menyenangkan untuk menikmati makanan dan minuman dengan harga terjangkau. Dengan pilihan snack dan minuman yang dimulai dari 10000, serta makanan berat dengan harga 20000, kafe ini menjadi tempat yang ramah kantong tanpa mengorbankan kualitas. Suasana yang hangat dan menyambut menciptakan lingkungan yang cocok untuk bersantai dengan teman-teman atau keluarga. Berbagai pilihan hidangan memuaskan selera semua pengunjung, dari makanan ringan hingga hidangan berat yang lezat. Albi Cafe & Bistro menjadi tempat favorit untuk menikmati waktu berkualitas sambil menikmati hidangan lezat tanpa perlu merasa khawatir tentang biaya.', 'lk51_1.jpg', 'lk51_2.jpg', 'lk51_3.jpg', 'lk51_4.jpg'),
('KT00052', 'LK00052', 'Selamat datang di Kokape, destinasi impian bagi para pecinta Korea dan Kpop. Di sini, Anda akan merasakan vibes yang menyenangkan dengan sentuhan idol Kpop yang memikat. Restoran ini menawarkan pengalaman kuliner Korea yang istimewa dengan harga terjangkau, dimulai dari 12000 rupiah. Menu makanan khas Korea disajikan dengan cita rasa otentik dan porsi yang cukup memuaskan, memanjakan selera dan membuat kenyang. Sambil menikmati hidangan lezat, Anda akan terhanyut dalam suasana yang penuh musik Kpop, menciptakan pengalaman yang tak terlupakan. Kokape Restaurant adalah tempat di mana rasa, musik, dan kegembiraan bertemu untuk menciptakan momen tak terlupakan.', 'lk52_1.jpg', 'lk52_2.jpg', 'lk52_3.jpg', 'lk52_4.jpg'),
('KT00053', 'LK00053', 'Simposium menjadi coffee shop tempat favorit anak muda, dengan parkir yang luas dan ruangan indoor-outdoor yang menarik. Suasana dengan tone hangat memanjakan mata dan memberikan suasana santai. Pelayanan cepat dan ramah dari para barista membuat pengunjung merasa dihargai. Barista juga bersedia memberikan rekomendasi menu sesuai selera pengunjung. Kafe ini dikenal dengan makanan berat yang lezat dan beragam, memenuhi selera semua orang. Di sini, Anda bisa menikmati waktu berkualitas sambil menikmati hidangan lezat dan minuman favorit. Kafe Simposium adalah tempat yang cocok untuk bersantai, bertemu teman, atau bersantap dengan penuh keceriaan.', 'lk53_1.jpg', 'lk53_2.jpg', 'lk53_3.jpg', 'lk53_4.jpg'),
('KT00054', 'LK00054', 'Selamat datang di Ombass Cafe Resto, tempat yang cocok untuk bersantap dengan keluarga di tengah kota. Restoran ini menawarkan banyak pilihan menu makanan berat dengan porsi yang besar, memuaskan selera setiap anggota keluarga. Suasana hangat dan ramah menciptakan pengalaman bersantap yang menyenangkan. Dari masakan lezat hingga hidangan khas, setiap pilihan di sini akan menggugah selera Anda. Ombass Cafe Resto menjadi tempat yang tepat untuk menghabiskan waktu berkualitas bersama keluarga sambil menikmati hidangan lezat dalam suasana yang nyaman. Rasakan kehangatan dan keramahan di Ombass Cafe Resto, destinasi makan yang tak terlupakan di tengah kota.', 'lk54_1.jpg', 'lk54_2.jpg', 'lk54_3.jpg', 'lk54_4.jpg'),
('KT00055', 'LK00055', 'Selamat datang di L A U L A Burger & Grill, tempat kekinian yang menawarkan burger terbaik di kota. Di sini, Anda akan menemukan hidangan burger dan steak dengan daging yang tebal tapi juicy, menghadirkan sensasi makan yang menggugah selera. Kualitas kuliner ini diimbangi dengan harga yang terbilang ramah bagi semua kalangan. Suasana restoran yang modern dengan ruang outdoor yang indah, dipenuhi gemerlap lampu, menciptakan atmosfer yang menyenangkan dan romantis. L A U L A Burger & Grill adalah tempat idaman untuk menikmati hidangan yang lezat, menghabiskan waktu berkualitas dengan orang-orang terkasih, dan menciptakan kenangan tak terlupakan.', 'lk55_1.jpg', 'lk55_2.jpg', 'lk55_3.jpg', 'lk55_4.jpg'),
('KT00056', 'LK00056', 'Selamat datang di Pesenkopi Plus, destinasi yang menawarkan vibes nyaman untuk menikmati kopi dan hidangan lezat. Kafe ini memiliki area indoor dan outdoor yang luas, memungkinkan Anda memilih tempat duduk sesuai dengan preferensi. Menu yang menarik, termasuk classic tiramisu yang menggugah selera, menjadi daya tarik utama. Di sini, Anda juga dapat menemukan beberapa pilihan makanan berat yang lezat untuk mengisi perut. Suasana hangat dan ramah membuat kunjungan Anda semakin menyenangkan. Pesenkopi Plus adalah tempat yang ideal untuk bersantai, menikmati kopi, dan menikmati hidangan lezat sambil menciptakan kenangan indah bersama teman-teman dan keluarga.', 'lk56_1.jpg', 'lk56_2.jpg', 'lk56_3.jpg', 'lk56_4.jpg'),
('KT00057', 'LK00057', 'NELAYAN Seafood & Ikan Bakar, destinasi yang baru namun telah menjadi yang terbaik di kota. Restoran ini menghadirkan menu seafood yang beragam dan segar, menciptakan pengalaman tak terlupakan bagi para pecinta makanan laut. Di sini, Anda akan menemukan hidangan seafood yang lezat dan segar, disajikan dengan cita rasa otentik. Rasakan sensasi ikan bakar yang menggoda selera, memanjakan lidah Anda dengan setiap gigitan. Suasana restoran yang hangat dan ramah menambah kenikmatan dalam menikmati hidangan lezat. NELAYAN Seafood & Ikan Bakar adalah tempat yang tepat untuk bersantap dan menciptakan kenangan yang tak terlupakan bersama keluarga dan teman-teman.', 'lk57_1.jpg', 'lk57_2.jpg', 'lk57_3.jpg', 'lk57_4.jpg'),
('KT00058', 'LK00058', 'Oh Gelato, tempat yang sempurna untuk mencari manis setelah kembali dari bioskop. Dengan harga per cup kecil mulai dari 15000 rupiah, Anda dapat menikmati gelato lezat dalam berbagai varian yang menarik. Gelato yang disajikan di sini tidak mengandung bahan pengawet, menjamin kualitas dan kesegarannya. Suasana kafe yang ceria dan dipenuhi warna pink menambah kegembiraan dalam menikmati hidangan manis. Oh Gelato adalah tempat yang ideal untuk bersantai setelah menonton, menikmati gelato lezat, dan menciptakan momen manis bersama teman-teman dan keluarga.', 'lk58_1.jpg', 'lk58_2.jpg', 'lk58_3.jpg', 'lk58_4.jpg'),
('KT00059', 'LK00059', 'Selamat datang di Segobox Reborn, kafe yang memukau dengan berbagai pilihan kopi dan non kopi untuk memanjakan lidah Anda. Di sini, Anda akan menemukan hidangan lezat dari makanan ringan seperti cake dan cookies hingga hidangan berat seperti olahan daging, burger, hotdog, dan pizza. Kafe ini menjadi pilihan tepat untuk nugas atau belajar dengan suasana yang nyaman dan tenang. Nikmati secangkir kopi yang menghangatkan dan hidangan lezat yang memuaskan selera sambil menyelesaikan pekerjaan atau tugas kuliah. Segobox Reborn adalah tempat yang cocok untuk mencari inspirasi sambil menikmati hidangan otentik dan cita rasa yang menggugah selera.', 'lk59_1.jpg', 'lk59_2.jpg', 'lk59_3.jpg', 'lk59_4.jpg'),
('KT00060', 'LK00060', 'Berada di lokasi yang sama dengan bioskop CGV, Yumyum Dimsum, surga dimsum dengan bahan premium yang lezat dan menggugah selera. Kafe ini menawarkan berbagai jenis dimsum seperti hakau, kuotie, manta, dan menu lain seperti nasi hainan atau bakmi. Setiap hidangan disajikan dengan cita rasa otentik dan porsi yang memuaskan. Cocok untuk menghabiskan waktu bersama keluarga, suasana kafe yang hangat dan nyaman menciptakan momen tak terlupakan. Harga dimsum yang terjangkau, hanya 19000 rupiah, menjadikan Yumyum Dimsum sebagai destinasi kuliner yang tak boleh dilewatkan. Nikmati kenikmatan dimsum premium sambil menikmati waktu berkualitas bersama keluarga di Yumyum Dimsum.', 'lk60_1.jpg', 'lk60_2.jpg', 'lk60_3.jpg', 'lk60_4.jpg'),
('KT00061', 'LK00061', 'Bawangan Bromo Hotel & Resto merupakan destinasi unik yang menggabungkan rumah makan dan hotel. Menu andalan mereka adalah ayam bakar yang lezat dan menggugah selera. Terletak di dekat Gunung Bromo, suasana di sini dingin dan sejuk, menciptakan pengalaman yang menyegarkan. Rumah makan ini menawarkan pemandangan indah dengan latar belakang tebing hijau yang memukau. Cocok bagi anak-anak untuk bermain dan berfoto ria di tengah keindahan alam yang mempesona. Bawangan Bromo Hotel & Resto adalah tempat ideal untuk menikmati makanan lezat sambil menikmati keindahan alam, serta menciptakan kenangan manis bersama keluarga dan teman-teman.', 'lk61_1.jpg', 'lk61_2.jpg', 'lk61_3.jpg', 'lk61_4.jpg'),
('KT00062', 'LK00062', 'Masih satu rumpun dengan Bawangan Restso dan Hotel Bromo, Ayam Bakar Bawangan yang terletak di Dringu ini telah menjadi ikon di kalangan masyarakat Probolinggo. Restoran ini dikenal dengan berbagai menu olahan ayam, terutama ayam bakar yang juicy dan menggugah selera. Rasanya yang lezat dan cita rasanya yang otentik telah membuat restoran ini menjadi favorit di kota ini. Suasana yang nyaman dan hangat menjadikan tempat ini cocok untuk makan bersama keluarga. Di sini, Anda dapat menikmati hidangan ayam yang lezat sambil menciptakan kenangan tak terlupakan dengan orang-orang terkasih. Ayam Bakar Bawangan adalah tempat yang ideal untuk menikmati makanan lezat dan berkualitas dalam suasana yang menyenangkan dan ramah.', 'lk62_1.jpg', 'lk62_2.jpg', 'lk62_3.jpg', 'lk62_4.jpg'),
('KT00063', 'LK00063', 'Selamat datang di Luwih Cafe, destinasi kafe yang estetik dengan nuansa warm tone yang menenangkan. Bangunan lama yang menjadi ciri khas kafe ini menciptakan suasana yang unik dan memikat. Luwih Cafe adalah tempat yang cocok untuk mengambil spot foto yang menarik atau berbincang santai dengan teman-teman. Di tengah kota, lokasinya mudah diakses dan menjadi tempat yang populer di kalangan para pengunjung. Suasana hangat dan ramah menciptakan momen istimewa saat menikmati hidangan lezat dan menikmati waktu bersama orang-orang terdekat. Luwih Cafe adalah tempat yang tepat untuk merasakan pengalaman kuliner yang berbeda dan tak terlupakan.', 'lk63_1.jpg', 'lk63_2.jpg', 'lk63_3.jpg', 'lk63_4.jpg'),
('KT00065', 'LK00065', 'Colabora Coffee & Burger Bar adalah kafe yang populer di kalangan anak muda. Kafe ini menawarkan berbagai pilihan menu kopi dan non kopi, serta hidangan lezat seperti burger dan pasta. Tempat ini selalu ramai dikunjungi karena atmosfernya yang menyenangkan dan menyediakan akses wifi kencang, sehingga cocok untuk nugas atau bekerja. Terletak di lokasi strategis, kafe ini mudah diakses oleh para pengunjung. Dengan ruang indoor dan outdoor yang tersedia, Anda dapat memilih tempat duduk sesuai dengan preferensi Anda. Colabora Coffee & Burger Bar adalah tempat yang sempurna untuk bersantai, menikmati hidangan lezat, dan menghabiskan waktu berkualitas bersama teman-teman.', 'lk65_1.jpg', 'lk65_2.jpg', 'lk65_3.jpg', 'lk65_4.jpg'),
('KT00066', 'LK00066', 'Cactus Kofie adalah kafe yang terletak di tengah kota, menyediakan area parkir yang luas. Dengan ruangannya yang indah, kafe ini memiliki ruangan indoor dan outdoor yang menarik. Di sini, Anda dapat berbincang santai ditemani gemerlap lampu, menciptakan suasana yang menyenangkan. Suasana kafe yang tenang dipadukan dengan musik yang memanjakan telinga, memberikan pengalaman santai yang memikat. Cactus Kofie menjadi tempat yang cocok untuk menghabiskan waktu bersama teman-teman atau keluarga. Nikmati momen istimewa sambil menikmati kopi dan suasana yang menyenangkan di Cactus Kofie.', 'lk66_1.jpg', 'lk66_2.jpg', 'lk66_3.jpg', 'lk66_4.jpg'),
('KT00067', 'LK00067', 'Pelabuhan Perikanan Pantai Mayangan yang berada di Jl. Tanjung Tembaga Kel. Mayangan Kec. Mayangan ini, selain merupakan pusat kegiatan perekonomian bidang perikanan juga menjadi tempat wisata yang menarik. Pasalnya, selain pengunjung bisa menikmati pemandangan laut yang indah dan memancing, perairan di sisi barat Pelabuhan Perikanan Pantai Mayangan kini marak digunakan sebagai wisata untuk berenang. Tidak ketinggalan kawasan ini dilengkapi beragam item seperti taman, pusat kuliner, gazebo dan tempat swafoto. Selain itu, biasanya anak muda datang untuk bermain skateboard atau sekadar melihat matahari terbenam di sore hari.', 'lk67_1.jpg', 'lk67_2.jpg', 'lk67_3.jpg', 'lk67_4.jpg'),
('KT00068', 'LK00068', 'Racha Space adalah destinasi kafe dan eatery yang memiliki pesona vintage, menciptakan suasana homey dan menenangkan yang unik. Kafe ini menjadi hidden gems yang menarik perhatian para pengunjung. Menu andalannya adalah laksa Singapore yang menggugah selera, menyajikan cita rasa autentik yang memikat. Di sini, Anda dapat merasakan pengalaman kuliner yang istimewa, sambil menikmati suasana yang hangat dan nyaman. Racha Space menjadi tempat yang cocok untuk bersantai dengan teman-teman atau keluarga, serta mencicipi hidangan lezat yang tak terlupakan. Nikmati momen istimewa dalam suasana vintage yang mengundang kenyamanan di Racha Space.', 'lk68_1.jpg', 'lk68_2.jpg', 'lk68_3.jpg', 'lk68_4.jpg'),
('KT00069', 'LK00069', 'Gunung Bromo adalah salah satu gunung berapi paling terkenal di Indonesia, berada di Taman Nasional Bromo Tengger Semeru, Jawa Timur. Pesonanya yang memukau telah menarik ribuan wisatawan dari berbagai penjuru dunia. Gunung Bromo dikenal dengan lanskapnya yang epik, seperti lautan pasir luas yang disebut Lautan Pasir dan kawah aktif berwarna abu-abu di tengahnya. Pemandangan matahari terbit di Bukit Penanjakan juga menjadi atraksi utama bagi para pengunjung. Aktivitas hiking dan trekking di sekitar Gunung Bromo memberikan pengalaman petualangan yang tak terlupakan. Keindahan dan keunikan Gunung Bromo menjadikannya salah satu destinasi favorit bagi para pecinta alam dan fotografi.', 'lk69_1.jpg', 'lk69_2.jpg', 'lk69_3.jpg', 'lk69_4.jpg'),
('KT00070', 'LK00070', '“Rawon Nguling”, ini beralamatkan di Jalan Raya Tambakrejo Nomor 75, Desa Tambakrejo, Kecamatan Tongas, Kabupaten Probolinggo. Buka mulai pukul 06.00 sampai dengan pukul 21.00 WIB. Tempat makan ini sangat mudah ditemukan, karena dari jauh apabila menuju ke arah Bali dari Surabaya, terdapat tulisan besar (plang) di depan tempat makan ini. Sebagai tempat legendaris dan buka sejak tahun 1942 yang dirintis pertama kali oleh Ibu Hajah   Siti Fatimah Dahlan, saat ini Warung Rawon Nguling ini dikelola oleh cucunya yaitu Ibu Hj., Nikmah, wajar apabila warung ini sangat dikenal, bahkan “Rawon Nguling” pernah menjadi sajian utama Bapak Predsiden Susilo Bambang Yudoyono pada tahun 2006, yang pernah beberapa kali mampir kesini saat melakukan kunjungan ke Kota Jember.', 'lk70_1.jpg', 'lk70_2.jpg', 'lk70_3.jpg', 'lk70_4.jpg');

-- --------------------------------------------------------

--
-- Table structure for table `tb_lokasi`
--

CREATE TABLE `tb_lokasi` (
  `id` varchar(11) NOT NULL,
  `nama` varchar(255) NOT NULL,
  `gambar` varchar(255) NOT NULL,
  `kategori` varchar(255) NOT NULL,
  `lokasi` varchar(999) NOT NULL,
  `rate` varchar(100) NOT NULL,
  `kisaran_harga` varchar(100) NOT NULL,
  `jam_buka` varchar(255) NOT NULL,
  `latitude` varchar(255) NOT NULL,
  `longitude` varchar(255) NOT NULL,
  `redirect_link` varchar(255) NOT NULL
) ENGINE=InnoDB DEFAULT CHARSET=utf8mb4;

--
-- Dumping data for table `tb_lokasi`
--

INSERT INTO `tb_lokasi` (`id`, `nama`, `gambar`, `kategori`, `lokasi`, `rate`, `kisaran_harga`, `jam_buka`, `latitude`, `longitude`, `redirect_link`) VALUES
('LK00001', 'Bee Jay Bakau Resort', 'LK0001.jpg', 'Rekreasi atau Hiburan', 'Pelabuhan PPP Kecamatan Mayangan', '4.3', '30000', '09.00-21.30', '-7.733748844555025', '113.22230432143175', 'konten/LK00001.php'),
('LK00002', 'Mahoni Grand Park', 'LK0002.jpg', 'Rekreasi atau Hiburan', 'Kuweni, Tukul, Kecamatan Sumber', '3.8', '5000', '08.00-17.00', '-7.914711972680381', '113.10795494801837', 'konten/LK00002.php'),
('LK00003', 'Pulau Gili Ketapang', 'LK00003.jpg', 'Rekreasi atau Hiburan', 'Pulau Gili, Kecamatan Sumberasih', '4.2', '90000', '06.00-18.00', '-7.678305449838287', '113.2527762745513', 'konten/LK00003.php'),
('LK00004', 'Danau Ronggojalu', 'LK00004.jpg', 'Rekreasi atau Hiburan', 'Desa Tegalsiwalan, Kecamatan Leces', '4.4', '5000', '08.00-17.00', '-7.848855606548415', '113.24461328323987', 'konten/LK00004.php'),
('LK00005', 'Danau Ranu Agung', 'LK00005.jpg', 'Rekreasi atau Hiburan', 'Desa Ranu Agung, Kecamatan Tretes', '4.5', '3000', '08.00-17.00', '-7.977670294238138', '113.39036561207648', 'konten/LK00005.php'),
('LK00006', 'Museum Probolinggo', 'LK00006.jpg', 'Edukasi', 'Jl Suroyo no 25', '4.1', '10000', '08.00-17.00', '-7.750726862245', '113.21580845027508', 'konten/LK00006.php'),
('LK00007', 'Pantai Duta', 'LK00007.jpg', 'Rekreasi atau Hiburan', 'Dusun Gilin, Ranudatah', '4.1', '5000', '08.00-17.00', '-7.7038985865204', '113.47833564090864', 'konten/LK00007.php'),
('LK00008', 'Taman Wisata Study Lingkungan', 'LK00008.jpg', 'Edukasi', 'Jl. Basuki Rahmad, Mangunharjo, Kec. Mayangan', '4.2', '8000', '05.00-16.00', '-7.747883543608309', '113.23465723707874', 'konten/LK00008.php'),
('LK00009', 'Perpustakaan Umum Kota Probolinggo', 'LK00009.jpg', 'Edukasi', 'Jl. Trunojoyo Alun-Alun Sebelah Timur No, 3, Mangunharjo, Kec. Mayangan, Kota Probolinggo', '4.5', '--', '08.00-14.00', '-7.743246354054335', '113.21679518465857', 'konten/LK00009.php'),
('LK00010', 'Air Terjun Jaran Goyang', 'LK00010.jpg', 'Rekreasi atau Hiburan', 'Jl. Goyangan, Timur, Guyangan, Krucil, Probolinggo', '4.4', '5000', '07.00 - 17.00', '-7.920591438208414', '113.46016046605374', 'konten/LK00010.php'),
('LK00011', 'Argopolitan', 'LK00011.jpg', 'Rekreasi atau Hiburan', 'Sukapura, Kab. Probolinggo', '4.2', '10000', '24 jam', '-7.922935538964792', '113.43312136562619', 'konten/LK00011.php'),
('LK00012', 'Air Terjun Madakaripura', 'LK00012.jpg', 'Rekreasi atau Hiburan', 'Branggah, Sapih, Lumbang, Sapih, Lumbang, Probolinggo', '4.5', '22000', '08.00-17.00', '-7.85381616126128', '113.00822226974554', 'konten/LK00012.php'),
('LK00014', 'Tirto Ageng', 'LK00014.jpg', 'Rekreasi atau Hiburan', 'Tengger, Lumbang, Probolinggo', '4.4', '5000', '24 jam', '-7.829386046767167', '113.06574408139336', 'konten/LK00014.php'),
('LK00015', 'Pantai Tambak Sari', 'LK00015.jpg', 'Rekreasi atau Hiburan', 'Pandean, Sukokerto, Pajarakan, Probolinggo', '4.1', '10000', '08.00-18.00', '-7.750987308538929', '113.37189797954628', 'konten/LK00015.php'),
('LK00016', 'Bukit Bintang Bentar', 'LK00016.jpg', 'Rekreasi atau Hiburan', 'Jl. Panglima Sudirman, Area Sawah, Curahsawo, Gending, Probolinggo', '4.4', '5000', '08.00-18.00', '-7.781214842957906', '113.27544942494832', 'konten/LK00016.php'),
('LK00018', 'Ranu Segaran', 'LK00018.jpg', 'Rekreasi atau Hiburan', 'Paras, Segaran, Tiris, Probolinggo', '4.1', '5000', '08.00-17.00', '-7.951530283887147', '113.39605195057655', 'konten/LK00018.php'),
('LK00019', 'D&C Cafe 19', 'LK00019.jpg', 'Cafe atau Eatery', 'Jl. Pahlawan No.19, Tisnonegaran, Kec. Kanigaran, Kota Probolinggo', '4.4', '7000', '08.00-21.00', '-7.75460926288065', '113.21097521008984', 'konten/LK00019.php'),
('LK00020', 'Jaco Café', 'LK00020.jpg', 'Cafe atau Eatery', 'Jl. Ahmad Yani No. 30 Sukabumi, Mayangan', '4.5', '7000', '16.30-01.00', '-7.744479934722672', '113.21341222358426', 'konten/LK00020.php'),
('LK00021', 'Z-Cofe', 'LK00021.jpg', 'Cafe atau Eatery', 'Jl. Dr. Moch Saleh No.5, Tisnonegaran, Kec. Kanigaran', '4.3', '10000', '13.00-23.00', '-7.751177714549762 ', '113.21396651193615', 'konten/LK00021.php'),
('LK00023', 'J’Bing Cafe & Resto 2', 'LK00023.jpg', 'Cafe atau Eatery', 'Jl. Basuki Rahmad No.9, Mangunharjo, Kec. Mayangan, Kota Probolinggo', '4.1', '16000', '09.00-23.00', '-7.746851735797795', '113.22900906776022', 'konten/LK00023.php'),
('LK00024', 'D’Bell Pepper', 'LK00024.jpg', 'Cafe atau Eatery', 'Jl. Suroyo No.1, Tisnonegaran, Kec. Kanigaran', '4.4', '21000', '10.00-22.00', '-7.753067846352563', '113.21536325057318', 'konten/LK00024.php'),
('LK00026', 'Homeland Cafe & Eatery', 'LK00026.jpg', 'Cafe atau Eatery', 'Pilang, Kec. Kademangan, Kota Probolinggo', '4.4', '16000', '14.00-22.00', '-7.753566654392362', '113.19497442358433', 'konten/LK00026.php'),
('LK00027', 'AAA Cafe', 'LK00027.jpg', 'Cafe atau Eatery', 'Jl. Pahlawan No.17, Tisnonegaran, Kec. Kanigaran, Kota Probolinggo', '4.6', '16000', '24 jam', '-7.754689770801147', '113.21161883707873', 'konten/LK00027.php'),
('LK00028', 'Ladang Kopi', 'LK00028.jpg', 'Cafe atau Eatery', 'Jl. Hayam Wuruk No.32A, Jati, Kec. Mayangan', '4.4', '16000', '09.00-23.30', '-7.75074807593757', '113.22757342173799', 'konten/LK00028.php'),
('LK00029', 'Barrel Coffee Garage', 'LK00029.jpg', 'Cafe atau Eatery', 'Jl. Mt. Haryono No.10, Jati, Kec. Mayangan', '4.4', '10000', '16.00-22.30', '-7.754989885959202', '113.2222991082437', 'konten/LK00029.php'),
('LK00030', 'Pelabuhan Tanjung Tembaga', 'LK00030.jpg', 'Rekreasi atau Hiburan', 'Jl. Tanjung Tembaga Barat, Mayangan', '4.4', '5000', '24 jam', '-7.735602594247334', '113.21450297657157', 'konten/LK00030.php'),
('LK00034', 'Arung Jeram Sungai Pekalen', 'LK00034.jpg', 'Rekreasi atau Hiburan', 'Kecamatan Maron, dan Kecamatan Gading, Kabupaten Probolinggo', '4.7', '299000', '08.00-18.00', '-7.907481790569568', '113.35182622941097', 'konten/LK00034.php'),
('LK00035', 'Kebun Teh Andung Biru', 'LK00035.jpg', 'Rekreasi atau Hiburan', 'Desa Andung Biru, Kecamatan Tiris', '4.7', '0', '07.00-18.00', '-7.986596446166608', '113.4370633505771', 'konten/LK00035.php'),
('LK00036', 'Pantai Bentar', 'LK00036.jpg', 'Rekreasi atau Hiburan', 'Desa Curahsawo, Kec. Gending', '4.0', '3000', '08.00-19.00', '-7.7787375176885725', '113.27655847246021', 'konten/LK00036.php'),
('LK00040', 'Quatro Coffee & Eatery', 'LK00040.jpg', 'Cafe atau Eatery', 'Jl. Raya Panglima Sudirman No.237, Jati', '4.9', '12000', '09.00-22.00', '-7.756707662924356', '113.22362346591402', 'konten/LK00040.php'),
('LK00041', 'Kopi Siippp Bromo', 'LK00041.jpg', 'Cafe atau Eatery', 'Jl. Raya Bromo, Triwung Lor, Kec. Kademangan, Kota Probolinggo', '4.7', '10000', '09.00-22.00', '-7.7603103937405375', '113.17521286932205', 'konten/LK00041.php'),
('LK00043', 'Elmat Coffee', 'LK00043.jpg', 'Cafe atau Eatery', 'Jl. Indragiri Gg. I, Jrebeng Wetan, Kec. Kedopok, Kota Probolinggo', '4.4', '16000', '14.00-23.00', '-7.7756617204390235', '113.21231117235403', 'konten/LK00043.php'),
('LK00044', 'Rayn Steak & Coffee', 'LK00044.jpg', 'Cafe atau Eatery', 'Jl. Hos Cokroaminoto, Kanigaran, Kec. Kanigaran, Kota Probolinggo', '4.5', '10000', '10.00-22.00', '-7.764439445763144', '113.21380292329637', 'konten/LK00044.php'),
('LK00045', 'Sure Coffee', 'LK00045.jpg', 'Cafe atau Eatery', 'Jl. Hos Cokroaminoto No.72, Kanigaran, Kec. Kanigaran, Kota Probolinggo', '4.5', '8000', '08.00-22.00', '-7.762354881793057', '113.21419245057344', 'konten/LK00045.php'),
('LK00046', 'Yokae Grill Corner', 'LK00046.jpg', 'Cafe atau Eatery', 'Jl. Hos Cokroaminoto No.72, Kebonsari Kulon, Kec. Kanigaran, Kota Probolinggo', '4.9', '75000', '11.00-21.00', '-7.7617490965697655', '113.21439014602218', 'konten/LK00046.php'),
('LK00047', 'Today Chicken', 'LK00047.jpg', 'Cafe atau Eatery', 'Jl. Hos Cokroaminoto, Kebonsari Kulon, Kec. Kanigaran, Kota Probolinggo', '4.5', '18000', '09.00-22.00', '-7.757904355250168', '113.21467279474913', 'konten/LK00047.php'),
('LK00048', 'Belikopi Cokro', 'LK00048.jpg', 'Cafe atau Eatery', 'Jl. Hos Cokroaminoto No.56, Kebonsari Kulon, Kec. Kanigaran, Kota Probolinggo', '4.6', '7000', '08.00-22.00', '-7.7576429100540985', '113.21460566406778', 'konten/LK00048.php'),
('LK00049', 'The Jack Kopi', 'LK00049.jpg', 'Cafe atau Eatery', 'Jl. Pahlawan No.61, Kebonsari Kulon, Kec. Kanigaran, Kota Probolinggo', '4.6', '85000', '10.00-22.00', '-7.755402600819286', '113.21333690489595', 'konten/LK00049.php'),
('LK00050', 'Kopi Siippp Toast Diponegoro', 'LK00050.jpg', 'Cafe atau Eatery', 'Jl. Diponegoro No.1, Sukabumi, Kec. Mayangan, Kota Probolinggo', '4.6', '10000', '10.00-21.00', '-7.749124736828453', '113.21020829474902', 'konten/LK00050.php'),
('LK00051', 'Albi Cafe & Bistro', 'LK00051.jpg', 'Cafe atau Eatery', 'Jl. R.A. Kartini No.88, Sukabumi, Kec. Mayangan, Kota Probolinggo', '4.5', '10000', '11.00-22.00', '-7.747402534019326', '113.21085202481865', 'konten/LK00051.php'),
('LK00052', 'Kokape', 'LK00052.jpg', 'Cafe atau Eatery', 'Jl. Imam Bonjol No.39, Sukabumi, Kec. Mayangan, Kota Probolinggo', '4.6', '12000', '10.00-20.30', '-7.747476950305792', '113.21271884231237', 'konten/LK00052.php'),
('LK00053', 'Simposium Coffee', 'LK00053.jpg', 'Cafe atau Eatery', 'Jl. Dr. Moch Saleh No.12, Sukabumi, Kec. Mayangan, Kota Probolinggo', '4.6', '18000', '09.00-22.00', '-7.7511127029211675', '113.21315872463474', 'konten/LK00053.php'),
('LK00054', 'Ombass Kafe Resto', 'LK00054.jpg', 'Cafe atau Eatery', 'Jl. Dr. Moch Saleh No.14, Sukabumi, Kec. Mayangan, Kota Probolinggo', '4.5', '12000', '09.00-23.00', '-7.750967891620042', '113.21345241331528', 'konten/LK00054.php'),
('LK00055', 'Laula Burger & Grill', 'LK00055.jpg', 'Cafe atau Eatery', 'Jl. Kh. Abdurrahman Wahid No.Kav. 14-15, Ketapang, Kec. Kademangan, Kota Probolinggo', '4.5', '23000', '11.00-21.00', '-7.757610501960372', '113.1883921235845', 'konten/LK00055.php'),
('LK00056', 'Pesenkopi Plus', 'LK00056.jpg', 'Cafe atau Eatery', 'Jl. Suroyo No.9, Tisnonegaran, Kec. Kanigaran, Kota Probolinggo', '4.3', '22000', '09.00-23.00', '-7.75206363816152', '113.21546453707883', 'konten/LK00056.php'),
('LK00057', 'NELAYAN Seafood & Ikan Bakar', 'LK00057.jpg', 'Kuliner Lokal', 'Jl. Basuki Rahmad No.24, Jati, Kec. Mayangan, Kota Probolinggo', '4.8', '20000', '11.00-22.00', '-7.746598966601836', '113.22707049289484', 'konten/LK00057.php'),
('LK00058', 'Oh Gelato', 'LK00058.jpg', 'Cafe atau Eatery', 'Jl. Basuki Rahmad No.1, Mangunharjo, Kec. Mayangan, Kota Probolinggo', '4.7', '15000', '12.00-21.00', '-7.746812218676216', '113.22672204331029', 'konten/LK00058.php'),
('LK00059', 'Sego Box Reborn', 'LK00059.jpg', 'Cafe atau Eatery', 'Jl. Basuki Rahmad No.24, Mangunharjo, Kec. Mayangan, Kota Probolinggo', '4.7', '10000', '11.00-10.00', '-7.7468760271089385', '113.22694608486465', 'konten/LK00059.php'),
('LK00060', 'Yum-yum Dimsum', 'LK00060.jpg', 'Cafe atau Eatery', 'Mangunharjo, Kec. Mayangan, Kota Probolinggo', '4.9', '13000', '10.00-21.00', '-7.74659959490801', '113.2265869396154', 'konten/LK00060.php'),
('LK00061', 'Bawangan Bromo Hotel & Resto', 'LK00061.jpg', 'Kuliner Lokal', 'Jl. Raya Bromo No.119, Ponjol, Wonokerto, Kec. Sukapura, Kabupaten Probolinggo', '4.6', '17000', '08.00-21.30', '-7.922828716483403', '113.00146572358057', 'konten/LK00061.php'),
('LK00062', 'Ayam Bakar Bawangan', 'LK00062.jpg', 'Kuliner Lokal', 'Jalan Raya Dringu, Krajan, Tamansari, Kec. Dringu, Kabupaten Probolinggo', '4.3', '17000', '08.00-21.00', '-7.772634777766845', '113.2567959640598', 'konten/LK00062.php'),
('LK00063', 'Luwih Cafe', 'LK00063.jpg', 'Cafe atau Eatery', 'Jl. Dr.Sutomo No.64, Tisnonegaran, Kec. Kanigaran, Kota Probolinggo', '3.3', '16000', '11.00-21.30', '-7.752106592094574', '113.21679758465855', 'konten/LK00063.php'),
('LK00065', 'Colabora Coffee & Burger Bar', 'LK00065.jpg', 'Cafe atau Eatery', 'Jl. Dr.Sutomo No.50, Tisnonegaran, Kec. Kanigaran, Kota Probolinggo', '4.5', '10000', '09.00-22.00', '-7.7519139380935185', '113.2170078082362', 'konten/LK00065.php'),
('LK00066', 'Cactus Kofie', 'LK00066.jpg', 'Cafe atau Eatery', 'Jl. Suroyo No.35, Tisnonegaran, Kec. Kanigaran, Kota Probolinggo', '4.7', '18000', '09.00-22.00', '-7.748014759858696', '113.2156519775534', 'konten/LK00066.php'),
('LK00067', 'Pelabuhan Perikanan Pantai Mayangan', 'LK00067.jpg', 'Rekreasi atau Hiburan', 'Mangunharjo, Kec. Mayangan, Kota Probolinggo, Jawa Timur', '4.5', '3000', '24 jam', '-7.728180176287556', '113.22455837940056', 'konten/LK00067.php'),
('LK00068', 'Racha Space', 'LK00068.jpg', 'Cafe atau Eatery', 'Jl. R.A. Kartini No.94, Sukabumi, Kec. Mayangan, Kota Probolinggo', '4.5', '15000', '09.00-23.00', '-7.745546691886948', '113.21124733807292', 'konten/LK00068.php'),
('LK00069', 'Gunung Bromo', 'LK00069.jpg', 'Rekreasi atau Hiburan', 'Taman Nasional Bromo Tengger Semeru', '4.7', '30000', '24 Jam', '-7.886727094773878', '112.95638766479723', 'konten/LK00069.php'),
('LK00070', 'Rawon Nguling', 'LK00070.jpg', 'Kuliner Lokal', 'Jl. Raya Tambakrejo No.75, Wringinan, Tambakrejo, Kec. Tongas, Kabupaten Probolinggo', '4.2', '25000', '05.30-09.00', '-7.716795817452363', '113.0818649460243', 'konten/LK00070.php');

-- --------------------------------------------------------

--
-- Table structure for table `tb_user`
--

CREATE TABLE `tb_user` (
  `id_user` varchar(11) NOT NULL,
  `username_user` varchar(255) NOT NULL,
  `password_user` varchar(255) NOT NULL
) ENGINE=InnoDB DEFAULT CHARSET=utf8mb4;

--
-- Dumping data for table `tb_user`
--

INSERT INTO `tb_user` (`id_user`, `username_user`, `password_user`) VALUES
('US00001', 'admin', '12345');

--
-- Indexes for dumped tables
--

--
-- Indexes for table `tb_demo`
--
ALTER TABLE `tb_demo`
  ADD PRIMARY KEY (`id`);

--
-- Indexes for table `tb_konten`
--
ALTER TABLE `tb_konten`
  ADD PRIMARY KEY (`id_konten`),
  ADD KEY `id` (`id`);

--
-- Indexes for table `tb_lokasi`
--
ALTER TABLE `tb_lokasi`
  ADD PRIMARY KEY (`id`);

--
-- Indexes for table `tb_user`
--
ALTER TABLE `tb_user`
  ADD PRIMARY KEY (`id_user`);

--
-- Constraints for dumped tables
--

--
-- Constraints for table `tb_konten`
--
ALTER TABLE `tb_konten`
  ADD CONSTRAINT `tb_konten_ibfk_1` FOREIGN KEY (`id`) REFERENCES `tb_lokasi` (`id`);
COMMIT;

/*!40101 SET CHARACTER_SET_CLIENT=@OLD_CHARACTER_SET_CLIENT */;
/*!40101 SET CHARACTER_SET_RESULTS=@OLD_CHARACTER_SET_RESULTS */;
/*!40101 SET COLLATION_CONNECTION=@OLD_COLLATION_CONNECTION */;
